Campaign,Ad Group,Keyword,Match Type,Status,Final URL
CMARCENEIRO | GG | SEARCH | PUXADORES | LEADS,PUXADORES | COMPRA | GERAL,comprar puxador para movel,Exact,Paused,https://cmarceneiro.com.br/?utm_source=google&utm_medium=cpc&utm_campaign=cmarceneiro-search-puxadores-leads&utm_content=puxadores-compra-geral&utm_term={keyword}
CMARCENEIRO | GG | SEARCH | PUXADORES | LEADS,PUXADORES | COMPRA | GERAL,puxador para armario preco,Exact,Paused,https://cmarceneiro.com.br/?utm_source=google&utm_medium=cpc&utm_campaign=cmarceneiro-search-puxadores-leads&utm_content=puxadores-compra-geral&utm_term={keyword}
CMARCENEIRO | GG | SEARCH | PUXADORES | LEADS,PUXADORES | COMPRA | GERAL,puxador de movel atacado,Exact,Paused,https://cmarceneiro.com.br/?utm_source=google&utm_medium=cpc&utm_campaign=cmarceneiro-search-puxadores-leads&utm_content=puxadores-compra-geral&utm_term={keyword}
CMARCENEIRO | GG | SEARCH | PUXADORES | LEADS,PUXADORES | COMPRA | GERAL,puxadores para marcenaria,Exact,Paused,https://cmarceneiro.com.br/?utm_source=google&utm_medium=cpc&utm_campaign=cmarceneiro-search-puxadores-leads&utm_content=puxadores-compra-geral&utm_term={keyword}
CMARCENEIRO | GG | SEARCH | PUXADORES | LEADS,PUXADORES | COMPRA | GERAL,fornecedor de puxadores,Exact,Paused,https://cmarceneiro.com.br/?utm_source=google&utm_medium=cpc&utm_campaign=cmarceneiro-search-puxadores-leads&utm_content=puxadores-compra-geral&utm_term={keyword}
CMARCENEIRO | GG | SEARCH | PUXADORES | LEADS,PUXADORES | COMPRA | GERAL,comprar puxadores para moveis,Phrase,Paused,https://cmarceneiro.com.br/?utm_source=google&utm_medium=cpc&utm_campaign=cmarceneiro-search-puxadores-leads&utm_content=puxadores-compra-geral&utm_term={keyword}
CMARCENEIRO | GG | SEARCH | PUXADORES | LEADS,PUXADORES | COMPRA | GERAL,puxadores para marcenaria atacado,Phrase,Paused,https://cmarceneiro.com.br/?utm_source=google&utm_medium=cpc&utm_campaign=cmarceneiro-search-puxadores-leads&utm_content=puxadores-compra-geral&utm_term={keyword}
CMARCENEIRO | GG | SEARCH | PUXADORES | LEADS,PUXADORES | COMPRA | GERAL,puxador para armario onde comprar,Phrase,Paused,https://cmarceneiro.com.br/?utm_source=google&utm_medium=cpc&utm_campaign=cmarceneiro-search-puxadores-leads&utm_content=puxadores-compra-geral&utm_term={keyword}
CMARCENEIRO | GG | SEARCH | PUXADORES | LEADS,PUXADORES | COMPRA | GERAL,loja de puxadores para moveis,Phrase,Paused,https://cmarceneiro.com.br/?utm_source=google&utm_medium=cpc&utm_campaign=cmarceneiro-search-puxadores-leads&utm_content=puxadores-compra-geral&utm_term={keyword}
CMARCENEIRO | GG | SEARCH | PUXADORES | LEADS,PUXADORES | COMPRA | GERAL,puxador de movel preco,Phrase,Paused,https://cmarceneiro.com.br/?utm_source=google&utm_medium=cpc&utm_campaign=cmarceneiro-search-puxadores-leads&utm_content=puxadores-compra-geral&utm_term={keyword}
CMARCENEIRO | GG | SEARCH | PUXADORES | LEADS,PUXADORES | COMPRA | GERAL,puxador movel comprar atacado,Broad,Paused,https://cmarceneiro.com.br/?utm_source=google&utm_medium=cpc&utm_campaign=cmarceneiro-search-puxadores-leads&utm_content=puxadores-compra-geral&utm_term={keyword}
CMARCENEIRO | GG | SEARCH | PUXADORES | LEADS,PUXADORES | COMPRA | GERAL,puxador marcenaria fornecedor,Broad,Paused,https://cmarceneiro.com.br/?utm_source=google&utm_medium=cpc&utm_campaign=cmarceneiro-search-puxadores-leads&utm_content=puxadores-compra-geral&utm_term={keyword}
CMARCENEIRO | GG | SEARCH | PUXADORES | LEADS,PUXADORES | COMPRA | GERAL,puxador armario barato quantidade,Broad,Paused,https://cmarceneiro.com.br/?utm_source=google&utm_medium=cpc&utm_campaign=cmarceneiro-search-puxadores-leads&utm_content=puxadores-compra-geral&utm_term={keyword}
CMARCENEIRO | GG | SEARCH | PUXADORES | LEADS,PUXADORES | COMPRA | INOX,puxador inox para movel,Exact,Paused,https://cmarceneiro.com.br/?utm_source=google&utm_medium=cpc&utm_campaign=cmarceneiro-search-puxadores-leads&utm_content=puxadores-compra-inox&utm_term={keyword}
CMARCENEIRO | GG | SEARCH | PUXADORES | LEADS,PUXADORES | COMPRA | INOX,puxador de inox atacado,Exact,Paused,https://cmarceneiro.com.br/?utm_source=google&utm_medium=cpc&utm_campaign=cmarceneiro-search-puxadores-leads&utm_content=puxadores-compra-inox&utm_term={keyword}
CMARCENEIRO | GG | SEARCH | PUXADORES | LEADS,PUXADORES | COMPRA | INOX,puxador inox cozinha preco,Exact,Paused,https://cmarceneiro.com.br/?utm_source=google&utm_medium=cpc&utm_campaign=cmarceneiro-search-puxadores-leads&utm_content=puxadores-compra-inox&utm_term={keyword}
CMARCENEIRO | GG | SEARCH | PUXADORES | LEADS,PUXADORES | COMPRA | INOX,comprar puxador inox,Exact,Paused,https://cmarceneiro.com.br/?utm_source=google&utm_medium=cpc&utm_campaign=cmarceneiro-search-puxadores-leads&utm_content=puxadores-compra-inox&utm_term={keyword}
CMARCENEIRO | GG | SEARCH | PUXADORES | LEADS,PUXADORES | COMPRA | INOX,puxador inox escovado,Exact,Paused,https://cmarceneiro.com.br/?utm_source=google&utm_medium=cpc&utm_campaign=cmarceneiro-search-puxadores-leads&utm_content=puxadores-compra-inox&utm_term={keyword}
CMARCENEIRO | GG | SEARCH | PUXADORES | LEADS,PUXADORES | COMPRA | INOX,puxador de inox para armario,Phrase,Paused,https://cmarceneiro.com.br/?utm_source=google&utm_medium=cpc&utm_campaign=cmarceneiro-search-puxadores-leads&utm_content=puxadores-compra-inox&utm_term={keyword}
CMARCENEIRO | GG | SEARCH | PUXADORES | LEADS,PUXADORES | COMPRA | INOX,puxador inox para marcenaria,Phrase,Paused,https://cmarceneiro.com.br/?utm_source=google&utm_medium=cpc&utm_campaign=cmarceneiro-search-puxadores-leads&utm_content=puxadores-compra-inox&utm_term={keyword}
CMARCENEIRO | GG | SEARCH | PUXADORES | LEADS,PUXADORES | COMPRA | INOX,puxadores inox onde comprar,Phrase,Paused,https://cmarceneiro.com.br/?utm_source=google&utm_medium=cpc&utm_campaign=cmarceneiro-search-puxadores-leads&utm_content=puxadores-compra-inox&utm_term={keyword}
CMARCENEIRO | GG | SEARCH | PUXADORES | LEADS,PUXADORES | COMPRA | INOX,puxador inox escovado preco,Phrase,Paused,https://cmarceneiro.com.br/?utm_source=google&utm_medium=cpc&utm_campaign=cmarceneiro-search-puxadores-leads&utm_content=puxadores-compra-inox&utm_term={keyword}
CMARCENEIRO | GG | SEARCH | PUXADORES | LEADS,PUXADORES | COMPRA | INOX,puxador inox cozinha atacado,Phrase,Paused,https://cmarceneiro.com.br/?utm_source=google&utm_medium=cpc&utm_campaign=cmarceneiro-search-puxadores-leads&utm_content=puxadores-compra-inox&utm_term={keyword}
CMARCENEIRO | GG | SEARCH | PUXADORES | LEADS,PUXADORES | COMPRA | INOX,fornecedor puxador inox,Phrase,Paused,https://cmarceneiro.com.br/?utm_source=google&utm_medium=cpc&utm_campaign=cmarceneiro-search-puxadores-leads&utm_content=puxadores-compra-inox&utm_term={keyword}
CMARCENEIRO | GG | SEARCH | PUXADORES | LEADS,PUXADORES | COMPRA | INOX,puxador em inox para moveis planejados,Phrase,Paused,https://cmarceneiro.com.br/?utm_source=google&utm_medium=cpc&utm_campaign=cmarceneiro-search-puxadores-leads&utm_content=puxadores-compra-inox&utm_term={keyword}
CMARCENEIRO | GG | SEARCH | PUXADORES | LEADS,PUXADORES | COMPRA | INOX,puxador inox tubular preco,Phrase,Paused,https://cmarceneiro.com.br/?utm_source=google&utm_medium=cpc&utm_campaign=cmarceneiro-search-puxadores-leads&utm_content=puxadores-compra-inox&utm_term={keyword}
CMARCENEIRO | GG | SEARCH | PUXADORES | LEADS,PUXADORES | COMPRA | ALUMINIO,puxador de aluminio para movel,Exact,Paused,https://cmarceneiro.com.br/?utm_source=google&utm_medium=cpc&utm_campaign=cmarceneiro-search-puxadores-leads&utm_content=puxadores-compra-aluminio&utm_term={keyword}
CMARCENEIRO | GG | SEARCH | PUXADORES | LEADS,PUXADORES | COMPRA | ALUMINIO,puxador aluminio atacado,Exact,Paused,https://cmarceneiro.com.br/?utm_source=google&utm_medium=cpc&utm_campaign=cmarceneiro-search-puxadores-leads&utm_content=puxadores-compra-aluminio&utm_term={keyword}
CMARCENEIRO | GG | SEARCH | PUXADORES | LEADS,PUXADORES | COMPRA | ALUMINIO,puxador aluminio marcenaria,Exact,Paused,https://cmarceneiro.com.br/?utm_source=google&utm_medium=cpc&utm_campaign=cmarceneiro-search-puxadores-leads&utm_content=puxadores-compra-aluminio&utm_term={keyword}
CMARCENEIRO | GG | SEARCH | PUXADORES | LEADS,PUXADORES | COMPRA | ALUMINIO,comprar puxador aluminio,Exact,Paused,https://cmarceneiro.com.br/?utm_source=google&utm_medium=cpc&utm_campaign=cmarceneiro-search-puxadores-leads&utm_content=puxadores-compra-aluminio&utm_term={keyword}
CMARCENEIRO | GG | SEARCH | PUXADORES | LEADS,PUXADORES | COMPRA | ALUMINIO,puxador aluminio preco,Exact,Paused,https://cmarceneiro.com.br/?utm_source=google&utm_medium=cpc&utm_campaign=cmarceneiro-search-puxadores-leads&utm_content=puxadores-compra-aluminio&utm_term={keyword}
CMARCENEIRO | GG | SEARCH | PUXADORES | LEADS,PUXADORES | COMPRA | ALUMINIO,puxador de aluminio para armario,Phrase,Paused,https://cmarceneiro.com.br/?utm_source=google&utm_medium=cpc&utm_campaign=cmarceneiro-search-puxadores-leads&utm_content=puxadores-compra-aluminio&utm_term={keyword}
CMARCENEIRO | GG | SEARCH | PUXADORES | LEADS,PUXADORES | COMPRA | ALUMINIO,puxadores de aluminio onde comprar,Phrase,Paused,https://cmarceneiro.com.br/?utm_source=google&utm_medium=cpc&utm_campaign=cmarceneiro-search-puxadores-leads&utm_content=puxadores-compra-aluminio&utm_term={keyword}
CMARCENEIRO | GG | SEARCH | PUXADORES | LEADS,PUXADORES | COMPRA | ALUMINIO,puxador aluminio para marcenaria atacado,Phrase,Paused,https://cmarceneiro.com.br/?utm_source=google&utm_medium=cpc&utm_campaign=cmarceneiro-search-puxadores-leads&utm_content=puxadores-compra-aluminio&utm_term={keyword}
CMARCENEIRO | GG | SEARCH | PUXADORES | LEADS,PUXADORES | COMPRA | ALUMINIO,fornecedor puxador aluminio,Phrase,Paused,https://cmarceneiro.com.br/?utm_source=google&utm_medium=cpc&utm_campaign=cmarceneiro-search-puxadores-leads&utm_content=puxadores-compra-aluminio&utm_term={keyword}
CMARCENEIRO | GG | SEARCH | PUXADORES | LEADS,PUXADORES | COMPRA | ALUMINIO,puxador aluminio escovado preco,Phrase,Paused,https://cmarceneiro.com.br/?utm_source=google&utm_medium=cpc&utm_campaign=cmarceneiro-search-puxadores-leads&utm_content=puxadores-compra-aluminio&utm_term={keyword}
CMARCENEIRO | GG | SEARCH | PUXADORES | LEADS,PUXADORES | COMPRA | ALUMINIO,puxador aluminio cozinha,Phrase,Paused,https://cmarceneiro.com.br/?utm_source=google&utm_medium=cpc&utm_campaign=cmarceneiro-search-puxadores-leads&utm_content=puxadores-compra-aluminio&utm_term={keyword}
CMARCENEIRO | GG | SEARCH | PUXADORES | LEADS,PUXADORES | COMPRA | ALUMINIO,puxador de aluminio para porta de armario,Phrase,Paused,https://cmarceneiro.com.br/?utm_source=google&utm_medium=cpc&utm_campaign=cmarceneiro-search-puxadores-leads&utm_content=puxadores-compra-aluminio&utm_term={keyword}
CMARCENEIRO | GG | SEARCH | PUXADORES | LEADS,PUXADORES | COMPRA | ARMARIO-COZINHA,puxador para armario de cozinha,Exact,Paused,https://cmarceneiro.com.br/?utm_source=google&utm_medium=cpc&utm_campaign=cmarceneiro-search-puxadores-leads&utm_content=puxadores-compra-armario-cozinha&utm_term={keyword}
CMARCENEIRO | GG | SEARCH | PUXADORES | LEADS,PUXADORES | COMPRA | ARMARIO-COZINHA,puxador cozinha planejada,Exact,Paused,https://cmarceneiro.com.br/?utm_source=google&utm_medium=cpc&utm_campaign=cmarceneiro-search-puxadores-leads&utm_content=puxadores-compra-armario-cozinha&utm_term={keyword}
CMARCENEIRO | GG | SEARCH | PUXADORES | LEADS,PUXADORES | COMPRA | ARMARIO-COZINHA,puxador movel planejado preco,Exact,Paused,https://cmarceneiro.com.br/?utm_source=google&utm_medium=cpc&utm_campaign=cmarceneiro-search-puxadores-leads&utm_content=puxadores-compra-armario-cozinha&utm_term={keyword}
CMARCENEIRO | GG | SEARCH | PUXADORES | LEADS,PUXADORES | COMPRA | ARMARIO-COZINHA,puxador para cozinha atacado,Exact,Paused,https://cmarceneiro.com.br/?utm_source=google&utm_medium=cpc&utm_campaign=cmarceneiro-search-puxadores-leads&utm_content=puxadores-compra-armario-cozinha&utm_term={keyword}
CMARCENEIRO | GG | SEARCH | PUXADORES | LEADS,PUXADORES | COMPRA | ARMARIO-COZINHA,puxador para moveis planejados,Exact,Paused,https://cmarceneiro.com.br/?utm_source=google&utm_medium=cpc&utm_campaign=cmarceneiro-search-puxadores-leads&utm_content=puxadores-compra-armario-cozinha&utm_term={keyword}
CMARCENEIRO | GG | SEARCH | PUXADORES | LEADS,PUXADORES | COMPRA | ARMARIO-COZINHA,puxador para armario de cozinha preco,Phrase,Paused,https://cmarceneiro.com.br/?utm_source=google&utm_medium=cpc&utm_campaign=cmarceneiro-search-puxadores-leads&utm_content=puxadores-compra-armario-cozinha&utm_term={keyword}
CMARCENEIRO | GG | SEARCH | PUXADORES | LEADS,PUXADORES | COMPRA | ARMARIO-COZINHA,puxadores para moveis planejados atacado,Phrase,Paused,https://cmarceneiro.com.br/?utm_source=google&utm_medium=cpc&utm_campaign=cmarceneiro-search-puxadores-leads&utm_content=puxadores-compra-armario-cozinha&utm_term={keyword}
CMARCENEIRO | GG | SEARCH | PUXADORES | LEADS,PUXADORES | COMPRA | ARMARIO-COZINHA,onde comprar puxador para cozinha,Phrase,Paused,https://cmarceneiro.com.br/?utm_source=google&utm_medium=cpc&utm_campaign=cmarceneiro-search-puxadores-leads&utm_content=puxadores-compra-armario-cozinha&utm_term={keyword}
CMARCENEIRO | GG | SEARCH | PUXADORES | LEADS,PUXADORES | COMPRA | ARMARIO-COZINHA,puxador para porta de armario cozinha,Phrase,Paused,https://cmarceneiro.com.br/?utm_source=google&utm_medium=cpc&utm_campaign=cmarceneiro-search-puxadores-leads&utm_content=puxadores-compra-armario-cozinha&utm_term={keyword}
CMARCENEIRO | GG | SEARCH | PUXADORES | LEADS,PUXADORES | COMPRA | ARMARIO-COZINHA,puxador armario planejado inox aluminio,Phrase,Paused,https://cmarceneiro.com.br/?utm_source=google&utm_medium=cpc&utm_campaign=cmarceneiro-search-puxadores-leads&utm_content=puxadores-compra-armario-cozinha&utm_term={keyword}
CMARCENEIRO | GG | SEARCH | PUXADORES | LEADS,PUXADORES | COMPRA | ARMARIO-COZINHA,fornecedor puxador cozinha marceneiro,Phrase,Paused,https://cmarceneiro.com.br/?utm_source=google&utm_medium=cpc&utm_campaign=cmarceneiro-search-puxadores-leads&utm_content=puxadores-compra-armario-cozinha&utm_term={keyword}
CMARCENEIRO | GG | SEARCH | PUXADORES | LEADS,PUXADORES | COMPRA | ARMARIO-COZINHA,puxador movel cozinha barato atacado,Phrase,Paused,https://cmarceneiro.com.br/?utm_source=google&utm_medium=cpc&utm_campaign=cmarceneiro-search-puxadores-leads&utm_content=puxadores-compra-armario-cozinha&utm_term={keyword}
CMARCENEIRO | GG | SEARCH | MDF | LEADS,MDF | ORCAMENTO | CHAPAS,chapa de mdf preco,Exact,Paused,https://cmarceneiro.com.br/?utm_source=google&utm_medium=cpc&utm_campaign=cmarceneiro-search-mdf-leads&utm_content=mdf-orcamento-chapas&utm_term={keyword}
CMARCENEIRO | GG | SEARCH | MDF | LEADS,MDF | ORCAMENTO | CHAPAS,mdf atacado marcenaria,Exact,Paused,https://cmarceneiro.com.br/?utm_source=google&utm_medium=cpc&utm_campaign=cmarceneiro-search-mdf-leads&utm_content=mdf-orcamento-chapas&utm_term={keyword}
CMARCENEIRO | GG | SEARCH | MDF | LEADS,MDF | ORCAMENTO | CHAPAS,comprar chapa mdf,Exact,Paused,https://cmarceneiro.com.br/?utm_source=google&utm_medium=cpc&utm_campaign=cmarceneiro-search-mdf-leads&utm_content=mdf-orcamento-chapas&utm_term={keyword}
CMARCENEIRO | GG | SEARCH | MDF | LEADS,MDF | ORCAMENTO | CHAPAS,fornecedor de mdf,Exact,Paused,https://cmarceneiro.com.br/?utm_source=google&utm_medium=cpc&utm_campaign=cmarceneiro-search-mdf-leads&utm_content=mdf-orcamento-chapas&utm_term={keyword}
CMARCENEIRO | GG | SEARCH | MDF | LEADS,MDF | ORCAMENTO | CHAPAS,mdf chapa inteira preco,Exact,Paused,https://cmarceneiro.com.br/?utm_source=google&utm_medium=cpc&utm_campaign=cmarceneiro-search-mdf-leads&utm_content=mdf-orcamento-chapas&utm_term={keyword}
CMARCENEIRO | GG | SEARCH | MDF | LEADS,MDF | ORCAMENTO | CHAPAS,chapa de mdf onde comprar,Phrase,Paused,https://cmarceneiro.com.br/?utm_source=google&utm_medium=cpc&utm_campaign=cmarceneiro-search-mdf-leads&utm_content=mdf-orcamento-chapas&utm_term={keyword}
CMARCENEIRO | GG | SEARCH | MDF | LEADS,MDF | ORCAMENTO | CHAPAS,preco chapa mdf marcenaria,Phrase,Paused,https://cmarceneiro.com.br/?utm_source=google&utm_medium=cpc&utm_campaign=cmarceneiro-search-mdf-leads&utm_content=mdf-orcamento-chapas&utm_term={keyword}
CMARCENEIRO | GG | SEARCH | MDF | LEADS,MDF | ORCAMENTO | CHAPAS,mdf atacado preco por chapa,Phrase,Paused,https://cmarceneiro.com.br/?utm_source=google&utm_medium=cpc&utm_campaign=cmarceneiro-search-mdf-leads&utm_content=mdf-orcamento-chapas&utm_term={keyword}
CMARCENEIRO | GG | SEARCH | MDF | LEADS,MDF | ORCAMENTO | CHAPAS,fornecedor mdf para marceneiro,Phrase,Paused,https://cmarceneiro.com.br/?utm_source=google&utm_medium=cpc&utm_campaign=cmarceneiro-search-mdf-leads&utm_content=mdf-orcamento-chapas&utm_term={keyword}
CMARCENEIRO | GG | SEARCH | MDF | LEADS,MDF | ORCAMENTO | CHAPAS,comprar mdf em quantidade,Phrase,Paused,https://cmarceneiro.com.br/?utm_source=google&utm_medium=cpc&utm_campaign=cmarceneiro-search-mdf-leads&utm_content=mdf-orcamento-chapas&utm_term={keyword}
CMARCENEIRO | GG | SEARCH | MDF | LEADS,MDF | ORCAMENTO | CHAPAS,distribuidor de mdf,Phrase,Paused,https://cmarceneiro.com.br/?utm_source=google&utm_medium=cpc&utm_campaign=cmarceneiro-search-mdf-leads&utm_content=mdf-orcamento-chapas&utm_term={keyword}
CMARCENEIRO | GG | SEARCH | MDF | LEADS,MDF | ORCAMENTO | CHAPAS,mdf chapa 18mm preco,Phrase,Paused,https://cmarceneiro.com.br/?utm_source=google&utm_medium=cpc&utm_campaign=cmarceneiro-search-mdf-leads&utm_content=mdf-orcamento-chapas&utm_term={keyword}
CMARCENEIRO | GG | SEARCH | MDF | LEADS,MDF | ORCAMENTO | CHAPAS,mdf 15mm chapa inteira atacado,Phrase,Paused,https://cmarceneiro.com.br/?utm_source=google&utm_medium=cpc&utm_campaign=cmarceneiro-search-mdf-leads&utm_content=mdf-orcamento-chapas&utm_term={keyword}
CMARCENEIRO | GG | SEARCH | MDF | LEADS,MDF | ORCAMENTO | CRU,mdf cru preco,Exact,Paused,https://cmarceneiro.com.br/?utm_source=google&utm_medium=cpc&utm_campaign=cmarceneiro-search-mdf-leads&utm_content=mdf-orcamento-cru&utm_term={keyword}
CMARCENEIRO | GG | SEARCH | MDF | LEADS,MDF | ORCAMENTO | CRU,chapa mdf cru atacado,Exact,Paused,https://cmarceneiro.com.br/?utm_source=google&utm_medium=cpc&utm_campaign=cmarceneiro-search-mdf-leads&utm_content=mdf-orcamento-cru&utm_term={keyword}
CMARCENEIRO | GG | SEARCH | MDF | LEADS,MDF | ORCAMENTO | CRU,mdf cru marcenaria,Exact,Paused,https://cmarceneiro.com.br/?utm_source=google&utm_medium=cpc&utm_campaign=cmarceneiro-search-mdf-leads&utm_content=mdf-orcamento-cru&utm_term={keyword}
CMARCENEIRO | GG | SEARCH | MDF | LEADS,MDF | ORCAMENTO | CRU,comprar mdf cru,Exact,Paused,https://cmarceneiro.com.br/?utm_source=google&utm_medium=cpc&utm_campaign=cmarceneiro-search-mdf-leads&utm_content=mdf-orcamento-cru&utm_term={keyword}
CMARCENEIRO | GG | SEARCH | MDF | LEADS,MDF | ORCAMENTO | CRU,mdf cru chapa inteira,Exact,Paused,https://cmarceneiro.com.br/?utm_source=google&utm_medium=cpc&utm_campaign=cmarceneiro-search-mdf-leads&utm_content=mdf-orcamento-cru&utm_term={keyword}
CMARCENEIRO | GG | SEARCH | MDF | LEADS,MDF | ORCAMENTO | CRU,mdf cru onde comprar,Phrase,Paused,https://cmarceneiro.com.br/?utm_source=google&utm_medium=cpc&utm_campaign=cmarceneiro-search-mdf-leads&utm_content=mdf-orcamento-cru&utm_term={keyword}
CMARCENEIRO | GG | SEARCH | MDF | LEADS,MDF | ORCAMENTO | CRU,preco mdf cru por chapa,Phrase,Paused,https://cmarceneiro.com.br/?utm_source=google&utm_medium=cpc&utm_campaign=cmarceneiro-search-mdf-leads&utm_content=mdf-orcamento-cru&utm_term={keyword}
CMARCENEIRO | GG | SEARCH | MDF | LEADS,MDF | ORCAMENTO | CRU,mdf cru 18mm preco,Phrase,Paused,https://cmarceneiro.com.br/?utm_source=google&utm_medium=cpc&utm_campaign=cmarceneiro-search-mdf-leads&utm_content=mdf-orcamento-cru&utm_term={keyword}
CMARCENEIRO | GG | SEARCH | MDF | LEADS,MDF | ORCAMENTO | CRU,fornecedor mdf cru marceneiro,Phrase,Paused,https://cmarceneiro.com.br/?utm_source=google&utm_medium=cpc&utm_campaign=cmarceneiro-search-mdf-leads&utm_content=mdf-orcamento-cru&utm_term={keyword}
CMARCENEIRO | GG | SEARCH | MDF | LEADS,MDF | ORCAMENTO | CRU,mdf cru atacado,Phrase,Paused,https://cmarceneiro.com.br/?utm_source=google&utm_medium=cpc&utm_campaign=cmarceneiro-search-mdf-leads&utm_content=mdf-orcamento-cru&utm_term={keyword}
CMARCENEIRO | GG | SEARCH | MDF | LEADS,MDF | ORCAMENTO | CRU,chapa mdf cru barata marcenaria,Phrase,Paused,https://cmarceneiro.com.br/?utm_source=google&utm_medium=cpc&utm_campaign=cmarceneiro-search-mdf-leads&utm_content=mdf-orcamento-cru&utm_term={keyword}
CMARCENEIRO | GG | SEARCH | MDF | LEADS,MDF | ORCAMENTO | CRU,mdf cru distribuidor preco,Phrase,Paused,https://cmarceneiro.com.br/?utm_source=google&utm_medium=cpc&utm_campaign=cmarceneiro-search-mdf-leads&utm_content=mdf-orcamento-cru&utm_term={keyword}
CMARCENEIRO | GG | SEARCH | MDF | LEADS,MDF | ORCAMENTO | REVESTIDO,mdf revestido preco,Exact,Paused,https://cmarceneiro.com.br/?utm_source=google&utm_medium=cpc&utm_campaign=cmarceneiro-search-mdf-leads&utm_content=mdf-orcamento-revestido&utm_term={keyword}
CMARCENEIRO | GG | SEARCH | MDF | LEADS,MDF | ORCAMENTO | REVESTIDO,mdf bp preco,Exact,Paused,https://cmarceneiro.com.br/?utm_source=google&utm_medium=cpc&utm_campaign=cmarceneiro-search-mdf-leads&utm_content=mdf-orcamento-revestido&utm_term={keyword}
CMARCENEIRO | GG | SEARCH | MDF | LEADS,MDF | ORCAMENTO | REVESTIDO,mdf revestido atacado,Exact,Paused,https://cmarceneiro.com.br/?utm_source=google&utm_medium=cpc&utm_campaign=cmarceneiro-search-mdf-leads&utm_content=mdf-orcamento-revestido&utm_term={keyword}
CMARCENEIRO | GG | SEARCH | MDF | LEADS,MDF | ORCAMENTO | REVESTIDO,mdf melanina preco,Exact,Paused,https://cmarceneiro.com.br/?utm_source=google&utm_medium=cpc&utm_campaign=cmarceneiro-search-mdf-leads&utm_content=mdf-orcamento-revestido&utm_term={keyword}
CMARCENEIRO | GG | SEARCH | MDF | LEADS,MDF | ORCAMENTO | REVESTIDO,chapa mdf revestido marcenaria,Exact,Paused,https://cmarceneiro.com.br/?utm_source=google&utm_medium=cpc&utm_campaign=cmarceneiro-search-mdf-leads&utm_content=mdf-orcamento-revestido&utm_term={keyword}
CMARCENEIRO | GG | SEARCH | MDF | LEADS,MDF | ORCAMENTO | REVESTIDO,mdf revestido onde comprar,Phrase,Paused,https://cmarceneiro.com.br/?utm_source=google&utm_medium=cpc&utm_campaign=cmarceneiro-search-mdf-leads&utm_content=mdf-orcamento-revestido&utm_term={keyword}
CMARCENEIRO | GG | SEARCH | MDF | LEADS,MDF | ORCAMENTO | REVESTIDO,preco mdf bp marceneiro,Phrase,Paused,https://cmarceneiro.com.br/?utm_source=google&utm_medium=cpc&utm_campaign=cmarceneiro-search-mdf-leads&utm_content=mdf-orcamento-revestido&utm_term={keyword}
CMARCENEIRO | GG | SEARCH | MDF | LEADS,MDF | ORCAMENTO | REVESTIDO,mdf revestido branco preco chapa,Phrase,Paused,https://cmarceneiro.com.br/?utm_source=google&utm_medium=cpc&utm_campaign=cmarceneiro-search-mdf-leads&utm_content=mdf-orcamento-revestido&utm_term={keyword}
CMARCENEIRO | GG | SEARCH | MDF | LEADS,MDF | ORCAMENTO | REVESTIDO,mdf bp atacado distribuidor,Phrase,Paused,https://cmarceneiro.com.br/?utm_source=google&utm_medium=cpc&utm_campaign=cmarceneiro-search-mdf-leads&utm_content=mdf-orcamento-revestido&utm_term={keyword}
CMARCENEIRO | GG | SEARCH | MDF | LEADS,MDF | ORCAMENTO | REVESTIDO,chapa mdf melanina preco,Phrase,Paused,https://cmarceneiro.com.br/?utm_source=google&utm_medium=cpc&utm_campaign=cmarceneiro-search-mdf-leads&utm_content=mdf-orcamento-revestido&utm_term={keyword}
CMARCENEIRO | GG | SEARCH | MDF | LEADS,MDF | ORCAMENTO | REVESTIDO,fornecedor mdf revestido marcenaria,Phrase,Paused,https://cmarceneiro.com.br/?utm_source=google&utm_medium=cpc&utm_campaign=cmarceneiro-search-mdf-leads&utm_content=mdf-orcamento-revestido&utm_term={keyword}
CMARCENEIRO | GG | SEARCH | MDF | LEADS,MDF | ORCAMENTO | REVESTIDO,mdf bp 15mm 18mm preco atacado,Phrase,Paused,https://cmarceneiro.com.br/?utm_source=google&utm_medium=cpc&utm_campaign=cmarceneiro-search-mdf-leads&utm_content=mdf-orcamento-revestido&utm_term={keyword}
CMARCENEIRO | GG | SEARCH | FERRAGENS | LEADS,FERRAGENS | COMPRA | DOBRADICAS,dobradica para movel preco,Exact,Paused,https://cmarceneiro.com.br/?utm_source=google&utm_medium=cpc&utm_campaign=cmarceneiro-search-ferragens-leads&utm_content=ferragens-compra-dobradicas&utm_term={keyword}
CMARCENEIRO | GG | SEARCH | FERRAGENS | LEADS,FERRAGENS | COMPRA | DOBRADICAS,dobradica marcenaria atacado,Exact,Paused,https://cmarceneiro.com.br/?utm_source=google&utm_medium=cpc&utm_campaign=cmarceneiro-search-ferragens-leads&utm_content=ferragens-compra-dobradicas&utm_term={keyword}
CMARCENEIRO | GG | SEARCH | FERRAGENS | LEADS,FERRAGENS | COMPRA | DOBRADICAS,comprar dobradica para armario,Exact,Paused,https://cmarceneiro.com.br/?utm_source=google&utm_medium=cpc&utm_campaign=cmarceneiro-search-ferragens-leads&utm_content=ferragens-compra-dobradicas&utm_term={keyword}
CMARCENEIRO | GG | SEARCH | FERRAGENS | LEADS,FERRAGENS | COMPRA | DOBRADICAS,dobradica para porta de movel,Exact,Paused,https://cmarceneiro.com.br/?utm_source=google&utm_medium=cpc&utm_campaign=cmarceneiro-search-ferragens-leads&utm_content=ferragens-compra-dobradicas&utm_term={keyword}
CMARCENEIRO | GG | SEARCH | FERRAGENS | LEADS,FERRAGENS | COMPRA | DOBRADICAS,dobradica caneco preco,Exact,Paused,https://cmarceneiro.com.br/?utm_source=google&utm_medium=cpc&utm_campaign=cmarceneiro-search-ferragens-leads&utm_content=ferragens-compra-dobradicas&utm_term={keyword}
CMARCENEIRO | GG | SEARCH | FERRAGENS | LEADS,FERRAGENS | COMPRA | DOBRADICAS,dobradica para movel onde comprar,Phrase,Paused,https://cmarceneiro.com.br/?utm_source=google&utm_medium=cpc&utm_campaign=cmarceneiro-search-ferragens-leads&utm_content=ferragens-compra-dobradicas&utm_term={keyword}
CMARCENEIRO | GG | SEARCH | FERRAGENS | LEADS,FERRAGENS | COMPRA | DOBRADICAS,dobradica marcenaria preco atacado,Phrase,Paused,https://cmarceneiro.com.br/?utm_source=google&utm_medium=cpc&utm_campaign=cmarceneiro-search-ferragens-leads&utm_content=ferragens-compra-dobradicas&utm_term={keyword}
CMARCENEIRO | GG | SEARCH | FERRAGENS | LEADS,FERRAGENS | COMPRA | DOBRADICAS,fornecedor dobradica para moveis,Phrase,Paused,https://cmarceneiro.com.br/?utm_source=google&utm_medium=cpc&utm_campaign=cmarceneiro-search-ferragens-leads&utm_content=ferragens-compra-dobradicas&utm_term={keyword}
CMARCENEIRO | GG | SEARCH | FERRAGENS | LEADS,FERRAGENS | COMPRA | DOBRADICAS,dobradica caneco 35mm preco,Phrase,Paused,https://cmarceneiro.com.br/?utm_source=google&utm_medium=cpc&utm_campaign=cmarceneiro-search-ferragens-leads&utm_content=ferragens-compra-dobradicas&utm_term={keyword}
CMARCENEIRO | GG | SEARCH | FERRAGENS | LEADS,FERRAGENS | COMPRA | DOBRADICAS,dobradica oculta para armario,Phrase,Paused,https://cmarceneiro.com.br/?utm_source=google&utm_medium=cpc&utm_campaign=cmarceneiro-search-ferragens-leads&utm_content=ferragens-compra-dobradicas&utm_term={keyword}
CMARCENEIRO | GG | SEARCH | FERRAGENS | LEADS,FERRAGENS | COMPRA | DOBRADICAS,dobradica para porta de armario preco,Phrase,Paused,https://cmarceneiro.com.br/?utm_source=google&utm_medium=cpc&utm_campaign=cmarceneiro-search-ferragens-leads&utm_content=ferragens-compra-dobradicas&utm_term={keyword}
CMARCENEIRO | GG | SEARCH | FERRAGENS | LEADS,FERRAGENS | COMPRA | DOBRADICAS,dobradica hidraulica movel preco,Phrase,Paused,https://cmarceneiro.com.br/?utm_source=google&utm_medium=cpc&utm_campaign=cmarceneiro-search-ferragens-leads&utm_content=ferragens-compra-dobradicas&utm_term={keyword}
CMARCENEIRO | GG | SEARCH | FERRAGENS | LEADS,FERRAGENS | COMPRA | DOBRADICAS,dobradica para marceneiro atacado,Phrase,Paused,https://cmarceneiro.com.br/?utm_source=google&utm_medium=cpc&utm_campaign=cmarceneiro-search-ferragens-leads&utm_content=ferragens-compra-dobradicas&utm_term={keyword}
CMARCENEIRO | GG | SEARCH | FERRAGENS | LEADS,FERRAGENS | COMPRA | CORREDICAS,corredica para gaveta preco,Exact,Paused,https://cmarceneiro.com.br/?utm_source=google&utm_medium=cpc&utm_campaign=cmarceneiro-search-ferragens-leads&utm_content=ferragens-compra-corredicas&utm_term={keyword}
CMARCENEIRO | GG | SEARCH | FERRAGENS | LEADS,FERRAGENS | COMPRA | CORREDICAS,corredica telescopica atacado,Exact,Paused,https://cmarceneiro.com.br/?utm_source=google&utm_medium=cpc&utm_campaign=cmarceneiro-search-ferragens-leads&utm_content=ferragens-compra-corredicas&utm_term={keyword}
CMARCENEIRO | GG | SEARCH | FERRAGENS | LEADS,FERRAGENS | COMPRA | CORREDICAS,corredica para movel marcenaria,Exact,Paused,https://cmarceneiro.com.br/?utm_source=google&utm_medium=cpc&utm_campaign=cmarceneiro-search-ferragens-leads&utm_content=ferragens-compra-corredicas&utm_term={keyword}
CMARCENEIRO | GG | SEARCH | FERRAGENS | LEADS,FERRAGENS | COMPRA | CORREDICAS,comprar corredica gaveta,Exact,Paused,https://cmarceneiro.com.br/?utm_source=google&utm_medium=cpc&utm_campaign=cmarceneiro-search-ferragens-leads&utm_content=ferragens-compra-corredicas&utm_term={keyword}
CMARCENEIRO | GG | SEARCH | FERRAGENS | LEADS,FERRAGENS | COMPRA | CORREDICAS,corredica invisivel preco,Exact,Paused,https://cmarceneiro.com.br/?utm_source=google&utm_medium=cpc&utm_campaign=cmarceneiro-search-ferragens-leads&utm_content=ferragens-compra-corredicas&utm_term={keyword}
CMARCENEIRO | GG | SEARCH | FERRAGENS | LEADS,FERRAGENS | COMPRA | CORREDICAS,corredica para gaveta onde comprar,Phrase,Paused,https://cmarceneiro.com.br/?utm_source=google&utm_medium=cpc&utm_campaign=cmarceneiro-search-ferragens-leads&utm_content=ferragens-compra-corredicas&utm_term={keyword}
CMARCENEIRO | GG | SEARCH | FERRAGENS | LEADS,FERRAGENS | COMPRA | CORREDICAS,corredica telescopica preco atacado,Phrase,Paused,https://cmarceneiro.com.br/?utm_source=google&utm_medium=cpc&utm_campaign=cmarceneiro-search-ferragens-leads&utm_content=ferragens-compra-corredicas&utm_term={keyword}
CMARCENEIRO | GG | SEARCH | FERRAGENS | LEADS,FERRAGENS | COMPRA | CORREDICAS,fornecedor corredica para marceneiro,Phrase,Paused,https://cmarceneiro.com.br/?utm_source=google&utm_medium=cpc&utm_campaign=cmarceneiro-search-ferragens-leads&utm_content=ferragens-compra-corredicas&utm_term={keyword}
CMARCENEIRO | GG | SEARCH | FERRAGENS | LEADS,FERRAGENS | COMPRA | CORREDICAS,corredica gaveta 450mm preco,Phrase,Paused,https://cmarceneiro.com.br/?utm_source=google&utm_medium=cpc&utm_campaign=cmarceneiro-search-ferragens-leads&utm_content=ferragens-compra-corredicas&utm_term={keyword}
CMARCENEIRO | GG | SEARCH | FERRAGENS | LEADS,FERRAGENS | COMPRA | CORREDICAS,corredica com soft close preco,Phrase,Paused,https://cmarceneiro.com.br/?utm_source=google&utm_medium=cpc&utm_campaign=cmarceneiro-search-ferragens-leads&utm_content=ferragens-compra-corredicas&utm_term={keyword}
CMARCENEIRO | GG | SEARCH | FERRAGENS | LEADS,FERRAGENS | COMPRA | CORREDICAS,corredica de movel atacado distribuidor,Phrase,Paused,https://cmarceneiro.com.br/?utm_source=google&utm_medium=cpc&utm_campaign=cmarceneiro-search-ferragens-leads&utm_content=ferragens-compra-corredicas&utm_term={keyword}
CMARCENEIRO | GG | SEARCH | FERRAGENS | LEADS,FERRAGENS | COMPRA | CORREDICAS,corredica under mount preco marcenaria,Phrase,Paused,https://cmarceneiro.com.br/?utm_source=google&utm_medium=cpc&utm_campaign=cmarceneiro-search-ferragens-leads&utm_content=ferragens-compra-corredicas&utm_term={keyword}
CMARCENEIRO | GG | SEARCH | FERRAGENS | LEADS,FERRAGENS | COMPRA | CORREDICAS,corredica para movel planejado atacado,Phrase,Paused,https://cmarceneiro.com.br/?utm_source=google&utm_medium=cpc&utm_campaign=cmarceneiro-search-ferragens-leads&utm_content=ferragens-compra-corredicas&utm_term={keyword}
CMARCENEIRO | GG | SEARCH | FERRAGENS | LEADS,FERRAGENS | COMPRA | MARCENARIA-GERAL,ferragens para marcenaria,Exact,Paused,https://cmarceneiro.com.br/?utm_source=google&utm_medium=cpc&utm_campaign=cmarceneiro-search-ferragens-leads&utm_content=ferragens-compra-marcenaria-geral&utm_term={keyword}
CMARCENEIRO | GG | SEARCH | FERRAGENS | LEADS,FERRAGENS | COMPRA | MARCENARIA-GERAL,ferragens para moveis atacado,Exact,Paused,https://cmarceneiro.com.br/?utm_source=google&utm_medium=cpc&utm_campaign=cmarceneiro-search-ferragens-leads&utm_content=ferragens-compra-marcenaria-geral&utm_term={keyword}
CMARCENEIRO | GG | SEARCH | FERRAGENS | LEADS,FERRAGENS | COMPRA | MARCENARIA-GERAL,fornecedor ferragens marcenaria,Exact,Paused,https://cmarceneiro.com.br/?utm_source=google&utm_medium=cpc&utm_campaign=cmarceneiro-search-ferragens-leads&utm_content=ferragens-compra-marcenaria-geral&utm_term={keyword}
CMARCENEIRO | GG | SEARCH | FERRAGENS | LEADS,FERRAGENS | COMPRA | MARCENARIA-GERAL,ferragens para moveis planejados,Exact,Paused,https://cmarceneiro.com.br/?utm_source=google&utm_medium=cpc&utm_campaign=cmarceneiro-search-ferragens-leads&utm_content=ferragens-compra-marcenaria-geral&utm_term={keyword}
CMARCENEIRO | GG | SEARCH | FERRAGENS | LEADS,FERRAGENS | COMPRA | MARCENARIA-GERAL,acessorios para marcenaria preco,Exact,Paused,https://cmarceneiro.com.br/?utm_source=google&utm_medium=cpc&utm_campaign=cmarceneiro-search-ferragens-leads&utm_content=ferragens-compra-marcenaria-geral&utm_term={keyword}
CMARCENEIRO | GG | SEARCH | FERRAGENS | LEADS,FERRAGENS | COMPRA | MARCENARIA-GERAL,ferragens para marcenaria atacado,Phrase,Paused,https://cmarceneiro.com.br/?utm_source=google&utm_medium=cpc&utm_campaign=cmarceneiro-search-ferragens-leads&utm_content=ferragens-compra-marcenaria-geral&utm_term={keyword}
CMARCENEIRO | GG | SEARCH | FERRAGENS | LEADS,FERRAGENS | COMPRA | MARCENARIA-GERAL,loja de ferragens para moveis,Phrase,Paused,https://cmarceneiro.com.br/?utm_source=google&utm_medium=cpc&utm_campaign=cmarceneiro-search-ferragens-leads&utm_content=ferragens-compra-marcenaria-geral&utm_term={keyword}
CMARCENEIRO | GG | SEARCH | FERRAGENS | LEADS,FERRAGENS | COMPRA | MARCENARIA-GERAL,ferragens para marceneiro onde comprar,Phrase,Paused,https://cmarceneiro.com.br/?utm_source=google&utm_medium=cpc&utm_campaign=cmarceneiro-search-ferragens-leads&utm_content=ferragens-compra-marcenaria-geral&utm_term={keyword}
CMARCENEIRO | GG | SEARCH | FERRAGENS | LEADS,FERRAGENS | COMPRA | MARCENARIA-GERAL,acessorios para moveis planejados atacado,Phrase,Paused,https://cmarceneiro.com.br/?utm_source=google&utm_medium=cpc&utm_campaign=cmarceneiro-search-ferragens-leads&utm_content=ferragens-compra-marcenaria-geral&utm_term={keyword}
CMARCENEIRO | GG | SEARCH | FERRAGENS | LEADS,FERRAGENS | COMPRA | MARCENARIA-GERAL,ferragens para armario planejado preco,Phrase,Paused,https://cmarceneiro.com.br/?utm_source=google&utm_medium=cpc&utm_campaign=cmarceneiro-search-ferragens-leads&utm_content=ferragens-compra-marcenaria-geral&utm_term={keyword}
CMARCENEIRO | GG | SEARCH | FERRAGENS | LEADS,FERRAGENS | COMPRA | MARCENARIA-GERAL,distribuidor ferragens marcenaria,Phrase,Paused,https://cmarceneiro.com.br/?utm_source=google&utm_medium=cpc&utm_campaign=cmarceneiro-search-ferragens-leads&utm_content=ferragens-compra-marcenaria-geral&utm_term={keyword}
CMARCENEIRO | GG | SEARCH | FERRAGENS | LEADS,FERRAGENS | COMPRA | MARCENARIA-GERAL,ferragens moveis preco atacado,Phrase,Paused,https://cmarceneiro.com.br/?utm_source=google&utm_medium=cpc&utm_campaign=cmarceneiro-search-ferragens-leads&utm_content=ferragens-compra-marcenaria-geral&utm_term={keyword}
CMARCENEIRO | GG | SEARCH | FERRAGENS | LEADS,FERRAGENS | COMPRA | MARCENARIA-GERAL,suprimentos para marcenaria preco,Phrase,Paused,https://cmarceneiro.com.br/?utm_source=google&utm_medium=cpc&utm_campaign=cmarceneiro-search-ferragens-leads&utm_content=ferragens-compra-marcenaria-geral&utm_term={keyword}
